rally,ball_round,time,frame_num,roundscore_A,roundscore_B,player,server,type,aroundhead,backhand,hit_height,hit_area,hit_x,hit_y,landing_height,landing_area,landing_x,landing_y,lose_reason,win_reason,getpoint_player,flaw,player_location_area,player_location_x,player_location_y,opponent_location_area,opponent_location_x,opponent_location_y,db
1,1,00:34:38,51952,1,0,A,1,發短球,,1.0,2,,,,,7,676.0,427.0,,,,,8,624.0,316.0,8,693.0,506.0,0
1,2,00:34:38,51969,1,0,B,2,放小球,,,2,7,676.0,427.0,,1,516.0,343.0,,,,,7,705.0,453.0,8,616.0,314.0,0
1,3,00:34:39,51989,1,0,A,2,挑球,,,2,1,516.0,343.0,,5,832.0,588.0,,,,,7,564.0,345.0,7,638.0,448.0,0
1,4,00:34:40,52023,1,0,B,2,點扣,,,1,5,832.0,588.0,,8,636.0,302.0,,,,,8,744.0,585.0,8,631.0,312.0,0
1,5,00:34:41,52037,1,0,A,2,擋小球,,,1,8,636.0,302.0,,7,564.0,451.0,,,,,8,619.0,316.0,8,765.0,578.0,0
1,6,00:34:42,52051,1,0,B,2,平球,,1.0,2,7,564.0,451.0,,8,696.0,331.0,,,,,8,604.0,480.0,8,595.0,309.0,0
1,7,00:34:42,52068,1,0,A,2,擋小球,,1.0,1,8,696.0,331.0,,7,628.0,400.0,,,,,8,650.0,324.0,8,667.0,511.0,0
1,8,00:34:43,52093,1,0,B,3,放小球,,1.0,2,7,628.0,400.0,2.0,7,609.0,396.0,掛網,對手掛網,A,,7,621.0,446.0,8,631.0,316.0,0
2,1,00:35:22,53065,2,0,A,1,發短球,,1.0,2,,,,,7,609.0,448.0,,,,,8,638.0,319.0,8,518.0,511.0,0
2,2,00:35:23,53079,2,0,B,3,推球,,,2,7,609.0,448.0,2.0,5,525.0,307.0,對手落地致勝,落地致勝,A,,7,564.0,441.0,8,626.0,314.0,0
3,1,00:35:43,53595,3,0,A,1,發短球,,1.0,2,,,,,7,684.0,415.0,,,,,8,619.0,314.0,8,700.0,508.0,0
3,2,00:35:44,53615,3,0,B,2,推球,,1.0,2,7,684.0,415.0,,4,741.0,266.0,,,,,8,720.0,460.0,8,621.0,314.0,0
3,3,00:35:45,53646,3,0,A,2,點扣,1.0,,1,4,741.0,266.0,,5,820.0,528.0,,,,,8,679.0,273.0,8,674.0,532.0,0
3,4,00:35:46,53658,3,0,B,2,擋小球,,,2,5,820.0,528.0,,2,758.0,336.0,,,,,8,722.0,528.0,8,696.0,280.0,0
3,5,00:35:47,53682,3,0,A,2,放小球,,1.0,2,2,758.0,336.0,,7,645.0,417.0,,,,,8,712.0,326.0,8,720.0,504.0,0
3,6,00:35:48,53703,3,0,B,2,挑球,,,2,7,645.0,417.0,,9,667.0,268.0,,,,,7,643.0,444.0,8,660.0,324.0,0
3,7,00:35:49,53730,3,0,A,2,殺球,1.0,,1,9,667.0,268.0,,6,482.0,511.0,,,,,9,669.0,264.0,8,664.0,528.0,0
3,8,00:35:49,53744,3,0,B,2,擋小球,,1.0,2,6,482.0,511.0,,5,520.0,321.0,,,,,8,674.0,511.0,9,650.0,271.0,0
3,9,00:35:50,53765,3,0,A,2,推球,,,2,5,520.0,321.0,,6,456.0,585.0,,,,,8,571.0,314.0,8,588.0,508.0,0
3,10,00:35:51,53795,3,0,B,2,長球,1.0,,1,6,456.0,585.0,,3,530.0,266.0,,,,,8,516.0,578.0,8,580.0,312.0,0
3,11,00:35:52,53823,3,0,A,2,殺球,,,1,3,530.0,266.0,,6,451.0,504.0,,,,,9,568.0,264.0,8,609.0,540.0,0
3,12,00:35:53,53835,3,0,B,2,擋小球,,1.0,2,6,451.0,504.0,,5,504.0,328.0,,,,,8,657.0,520.0,9,552.0,259.0,0
3,13,00:35:54,53859,3,0,A,2,挑球,,,2,5,504.0,328.0,,8,787.0,571.0,,,,,8,547.0,324.0,8,580.0,494.0,0
3,14,00:35:55,53884,3,0,B,3,殺球,,,1,8,787.0,571.0,2.0,7,554.0,393.0,掛網,對手掛網,A,,8,715.0,554.0,8,592.0,314.0,0
4,1,00:36:19,54477,3,1,A,1,未知球種,,,2,,,,,,,,,,,1,,,,,,,0
5,1,00:36:39,54983,3,2,B,1,發短球,,1.0,2,,,,,7,696.0,338.0,,,,,8,624.0,482.0,8,679.0,300.0,0
5,2,00:36:40,55017,3,2,A,2,放小球,,,2,7,696.0,338.0,,1,763.0,410.0,,,,,8,684.0,316.0,8,643.0,477.0,0
5,3,00:36:41,55035,3,2,B,2,放小球,,,2,1,763.0,410.0,,2,784.0,350.0,,,,,7,732.0,429.0,8,674.0,324.0,0
5,4,00:36:42,55059,3,2,A,2,挑球,,1.0,2,2,784.0,350.0,,3,876.0,602.0,,,,,7,724.0,340.0,7,705.0,451.0,0
5,5,00:36:43,55092,3,2,B,2,切球,,,1,3,876.0,602.0,,6,780.0,328.0,,,,,8,765.0,580.0,8,662.0,314.0,0
5,6,00:36:44,55115,3,2,A,2,挑球,,1.0,2,6,780.0,328.0,,3,856.0,597.0,,,,,8,736.0,324.0,8,760.0,576.0,0
5,7,00:36:46,55150,3,2,B,2,切球,,,1,3,856.0,597.0,,6,753.0,331.0,,,,,3,808.0,614.0,8,626.0,304.0,0
5,8,00:36:46,55169,3,2,A,2,放小球,,1.0,2,6,753.0,331.0,,1,765.0,405.0,,,,,8,722.0,324.0,8,734.0,554.0,0
5,9,00:36:47,55192,3,2,B,2,放小球,,,2,1,765.0,405.0,,2,753.0,336.0,,,,,7,748.0,432.0,8,684.0,321.0,0
5,10,00:36:48,55212,3,2,A,2,推球,,1.0,2,2,753.0,336.0,,5,876.0,590.0,,,,,8,698.0,333.0,7,712.0,439.0,0
5,11,00:36:49,55243,3,2,B,2,殺球,,,1,5,876.0,590.0,,8,669.0,300.0,,,,,8,772.0,568.0,8,664.0,316.0,0
5,12,00:36:50,55251,3,2,A,3,防守回抽,,1.0,2,8,669.0,300.0,,15,415.0,290.0,未過網,對手未過網,B,,8,626.0,309.0,3,892.0,612.0,0
6,1,00:37:14,55857,3,3,B,1,發短球,,1.0,2,,,,,7,756.0,422.0,,,,,8,604.0,321.0,8,652.0,482.0,0
6,2,00:37:14,55871,3,3,A,2,放小球,,,2,7,756.0,422.0,,7,650.0,360.0,,,,,7,715.0,439.0,8,640.0,331.0,0
6,3,00:37:15,55891,3,3,B,2,放小球,,1.0,2,7,650.0,360.0,,7,616.0,412.0,,,,,7,633.0,352.0,7,679.0,451.0,0
6,4,00:37:16,55912,3,3,A,2,挑球,,1.0,2,7,616.0,412.0,,9,645.0,264.0,,,,,7,648.0,439.0,7,624.0,336.0,0
6,5,00:37:18,55951,3,3,B,3,殺球,,,1,9,645.0,264.0,2.0,1,511.0,388.0,掛網,對手掛網,B,,9,655.0,268.0,8,643.0,504.0,0
7,1,00:37:44,56610,4,3,B,1,發短球,,1.0,2,,,,,7,684.0,340.0,,,,,8,624.0,487.0,8,684.0,295.0,0
7,2,00:37:45,56627,4,3,A,2,放小球,,,2,7,684.0,340.0,,1,796.0,412.0,,,,,8,691.0,326.0,8,650.0,480.0,0
7,3,00:37:45,56646,4,3,B,2,放小球,,,2,1,796.0,412.0,,7,688.0,343.0,,,,,7,760.0,448.0,8,662.0,324.0,0
7,4,00:37:46,56666,4,3,A,2,推球,,1.0,2,7,688.0,343.0,,3,823.0,609.0,,,,,8,664.0,331.0,7,679.0,456.0,0
7,5,00:37:48,56701,4,3,B,2,切球,,,1,3,823.0,609.0,,7,624.0,336.0,,,,,9,736.0,626.0,8,643.0,309.0,0
7,6,00:37:48,56720,4,3,A,2,放小球,,,2,7,624.0,336.0,,7,664.0,427.0,,,,,8,636.0,324.0,8,715.0,571.0,0
7,7,00:37:49,56739,4,3,B,2,放小球,,1.0,2,7,664.0,427.0,,2,756.0,343.0,,,,,7,696.0,446.0,8,633.0,321.0,0
7,8,00:37:50,56759,4,3,A,2,挑球,,1.0,2,2,756.0,343.0,,8,544.0,590.0,,,,,7,715.0,345.0,7,696.0,456.0,0
7,9,00:37:51,56792,4,3,B,2,長球,,,1,8,544.0,590.0,,4,736.0,259.0,,,,,8,549.0,583.0,8,616.0,302.0,0
7,10,00:37:52,56822,4,3,A,3,殺球,1.0,,1,4,736.0,259.0,,6,391.0,516.0,對手落地致勝,落地致勝,A,,9,681.0,259.0,8,660.0,523.0,0
8,1,00:38:38,57963,4,4,A,1,發短球,,1.0,2,,,,,7,708.0,434.0,,,,,8,628.0,319.0,8,693.0,508.0,0
8,2,00:38:39,57980,4,4,B,2,推球,,,2,7,708.0,434.0,,3,518.0,266.0,,,,,7,688.0,448.0,8,616.0,316.0,0
8,3,00:38:40,58007,4,4,A,2,後場抽平球,,,1,3,518.0,266.0,,6,453.0,511.0,,,,,3,540.0,259.0,8,624.0,492.0,0
8,4,00:38:40,58020,4,4,B,2,平球,,1.0,1,6,453.0,511.0,,7,580.0,336.0,,,,,8,633.0,511.0,5,537.0,273.0,0
8,5,00:38:41,58039,4,4,A,2,擋小球,,,1,7,580.0,336.0,,7,585.0,444.0,,,,,8,624.0,328.0,8,602.0,504.0,0
8,6,00:38:42,58059,4,4,B,2,挑球,,1.0,2,7,585.0,444.0,,4,748.0,268.0,,,,,7,636.0,453.0,8,643.0,307.0,0
8,7,00:38:43,58093,4,4,A,2,殺球,1.0,,1,4,748.0,268.0,,8,765.0,511.0,,,,,9,681.0,259.0,8,696.0,523.0,0
8,8,00:38:44,58103,4,4,B,2,防守回抽,,,1,8,765.0,511.0,,5,525.0,285.0,,,,,8,727.0,508.0,8,703.0,273.0,0
8,9,00:38:44,58122,4,4,A,2,擋小球,,,1,5,525.0,285.0,,2,448.0,405.0,,,,,8,621.0,288.0,8,616.0,496.0,0
8,10,00:38:45,58137,4,4,B,2,放小球,,1.0,2,2,448.0,405.0,,1,453.0,360.0,,,,,2,489.0,441.0,5,516.0,300.0,0
8,11,00:38:46,58165,4,4,A,3,勾球,,,2,1,453.0,360.0,,7,614.0,379.0,掛網,對手掛網,B,,1,492.0,362.0,7,513.0,420.0,0
9,1,00:39:05,58628,4,5,B,1,發短球,,1.0,2,,,,,8,537.0,331.0,,,,,8,640.0,482.0,8,573.0,300.0,0
9,2,00:39:05,58649,4,5,A,2,推球,,,2,8,537.0,331.0,,9,784.0,597.0,,,,,8,583.0,324.0,8,643.0,487.0,0
9,3,00:39:07,58678,4,5,B,2,殺球,,,1,9,784.0,597.0,,8,664.0,312.0,,,,,8,710.0,590.0,8,616.0,309.0,0
9,4,00:39:07,58691,4,5,A,2,擋小球,,1.0,2,8,664.0,312.0,,7,648.0,441.0,,,,,8,612.0,307.0,9,768.0,612.0,0
9,5,00:39:08,58713,4,5,B,2,放小球,,1.0,2,7,648.0,441.0,,1,520.0,336.0,,,,,8,669.0,472.0,8,640.0,309.0,0
9,6,00:39:09,58739,4,5,A,2,挑球,,,2,1,520.0,336.0,,9,760.0,604.0,,,,,7,566.0,336.0,8,624.0,477.0,0
9,7,00:39:10,58773,4,5,B,2,後場抽平球,,,1,9,760.0,604.0,,8,717.0,300.0,,,,,9,700.0,626.0,8,624.0,321.0,0
9,8,00:39:11,58788,4,5,A,2,平球,,1.0,1,8,717.0,300.0,,5,832.0,523.0,,,,,8,628.0,309.0,9,662.0,592.0,0
9,9,00:39:12,58801,4,5,B,2,推球,,,2,5,832.0,523.0,,6,784.0,297.0,,,,,8,724.0,501.0,8,684.0,319.0,0
9,10,00:39:12,58812,4,5,A,2,擋小球,,1.0,1,6,784.0,297.0,,1,794.0,424.0,,,,,8,686.0,321.0,8,768.0,506.0,0
9,11,00:39:13,58837,4,5,B,2,挑球,,,2,1,794.0,424.0,,9,693.0,271.0,,,,,1,784.0,456.0,8,715.0,302.0,0
9,12,00:39:14,58869,4,5,A,2,殺球,1.0,,1,9,693.0,271.0,,5,792.0,518.0,,,,,13,688.0,252.0,8,688.0,511.0,0
9,13,00:39:15,58882,4,5,B,2,擋小球,,,2,5,792.0,518.0,,6,748.0,331.0,,,,,8,712.0,530.0,8,662.0,273.0,0
9,14,00:39:16,58905,4,5,A,2,推球,,1.0,2,6,748.0,331.0,,8,480.0,578.0,,,,,7,708.0,336.0,8,696.0,508.0,0
9,15,00:39:17,58937,4,5,B,2,切球,1.0,,1,8,480.0,578.0,,6,756.0,333.0,,,,,8,492.0,576.0,8,590.0,302.0,0
9,16,00:39:18,58959,4,5,A,2,放小球,,1.0,2,6,756.0,333.0,,1,796.0,398.0,,,,,8,715.0,326.0,8,552.0,542.0,0
9,17,00:39:19,58980,4,5,B,2,放小球,,,2,1,796.0,398.0,,2,794.0,345.0,,,,,7,736.0,446.0,8,696.0,328.0,0
9,18,00:39:20,59004,4,5,A,3,挑球,,1.0,2,2,794.0,345.0,,13,780.0,652.0,出界,對手出界,B,,7,736.0,357.0,7,712.0,451.0,0
10,1,00:39:40,59523,5,5,B,1,發短球,,1.0,2,,,,,8,674.0,321.0,,,,,8,624.0,484.0,8,684.0,297.0,0
10,2,00:39:41,59543,5,5,A,2,推球,,,2,8,674.0,321.0,,5,861.0,588.0,,,,,8,674.0,324.0,8,652.0,477.0,0
10,3,00:39:42,59572,5,5,B,2,殺球,,,1,5,861.0,588.0,,5,530.0,292.0,,,,,8,739.0,568.0,8,648.0,309.0,0
10,4,00:39:43,59585,5,5,A,2,擋小球,,,2,5,530.0,292.0,,2,444.0,439.0,,,,,8,609.0,292.0,3,859.0,621.0,0
10,5,00:39:44,59613,5,5,B,2,推球,,1.0,2,2,444.0,439.0,,3,484.0,266.0,,,,,6,501.0,460.0,8,561.0,297.0,0
10,6,00:39:45,59635,5,5,A,2,殺球,,,1,3,484.0,266.0,,6,424.0,528.0,,,,,5,535.0,273.0,8,580.0,508.0,0
10,7,00:39:45,59646,5,5,B,3,擋小球,,1.0,2,6,424.0,528.0,2.0,1,487.0,427.0,未過網,對手未過網,A,,8,642.0,525.0,3,481.0,270.0,0
11,1,00:40:17,60443,5,6,A,1,發短球,,1.0,2,,,,,7,552.0,439.0,,,,,8,636.0,319.0,8,520.0,504.0,0
11,2,00:40:18,60458,5,6,B,2,放小球,,1.0,2,7,552.0,439.0,,7,662.0,343.0,,,,,7,616.0,456.0,8,621.0,316.0,0
11,3,00:40:19,60476,5,6,A,2,放小球,,1.0,2,7,662.0,343.0,,7,631.0,415.0,,,,,7,640.0,338.0,8,648.0,460.0,0
11,4,00:40:19,60498,5,6,B,2,放小球,,,2,7,631.0,415.0,,1,492.0,360.0,,,,,7,640.0,434.0,8,636.0,331.0,0
11,5,00:40:20,60521,5,6,A,2,挑球,,,2,1,492.0,360.0,,8,756.0,564.0,,,,,1,523.0,350.0,7,595.0,453.0,0
11,6,00:40:22,60556,5,6,B,3,殺球,,,1,8,756.0,564.0,2.0,5,489.0,292.0,對手落地致勝,落地致勝,B,,8,727.0,566.0,8,614.0,304.0,0
12,1,00:40:43,61078,6,6,B,1,發短球,,1.0,2,,,,,7,616.0,343.0,,,,,8,638.0,482.0,8,578.0,302.0,0
12,2,00:40:43,61096,6,6,A,2,放小球,,,2,7,616.0,343.0,,7,729.0,427.0,,,,,8,604.0,331.0,8,645.0,482.0,0
12,3,00:40:44,61113,6,6,B,2,勾球,,,2,7,729.0,427.0,,1,516.0,360.0,,,,,7,710.0,444.0,8,614.0,333.0,0
12,4,00:40:45,61129,6,6,A,2,挑球,,,2,1,516.0,360.0,,9,780.0,604.0,,,,,7,566.0,350.0,7,674.0,453.0,0
12,5,00:40:46,61168,6,6,B,3,長球,,,1,9,780.0,604.0,2.0,13,744.0,242.0,出界,對手出界,A,,8,722.0,590.0,8,616.0,316.0,0
13,1,00:41:08,61718,7,6,A,1,發短球,,1.0,2,,,,,7,684.0,439.0,,,,,8,621.0,324.0,8,696.0,504.0,0
13,2,00:41:09,61734,7,6,B,2,放小球,,1.0,2,7,684.0,439.0,,2,763.0,336.0,,,,,7,722.0,441.0,8,624.0,314.0,0
13,3,00:41:10,61753,7,6,A,2,放小球,,1.0,2,2,763.0,336.0,,1,787.0,391.0,,,,,7,712.0,338.0,7,708.0,453.0,0
13,4,00:41:10,61772,7,6,B,2,推球,,,2,1,787.0,391.0,,3,530.0,268.0,,,,,1,768.0,417.0,7,693.0,338.0,0
13,5,00:41:11,61799,7,6,A,2,過度切球,,,1,3,530.0,268.0,,5,808.0,465.0,,,,,9,564.0,266.0,8,667.0,475.0,0
13,6,00:41:12,61817,7,6,B,2,平球,,,2,5,808.0,465.0,,6,746.0,292.0,,,,,8,736.0,482.0,9,583.0,271.0,0
13,7,00:41:13,61829,7,6,A,2,擋小球,,1.0,2,6,746.0,292.0,,1,804.0,422.0,,,,,8,686.0,300.0,8,756.0,489.0,0
13,8,00:41:13,61846,7,6,B,2,推球,,,2,1,804.0,422.0,,6,768.0,276.0,,,,,7,756.0,451.0,8,664.0,302.0,0
13,9,00:41:14,61858,7,6,A,2,後場抽平球,,1.0,1,6,768.0,276.0,,8,616.0,484.0,,,,,8,648.0,316.0,7,763.0,456.0,0
13,10,00:41:14,61868,7,6,B,3,平球,,1.0,1,8,616.0,484.0,2.0,14,446.0,266.0,出界,對手出界,A,,8,760.0,477.0,8,729.0,307.0,0
14,1,00:41:38,62470,7,7,A,1,發短球,,1.0,2,,,,,7,573.0,434.0,,,,,8,643.0,309.0,8,516.0,506.0,0
14,2,00:41:39,62484,7,7,B,2,勾球,,1.0,2,7,573.0,434.0,,2,756.0,345.0,,,,,7,600.0,448.0,8,621.0,309.0,0
14,3,00:41:40,62505,7,7,A,2,放小球,,1.0,2,2,756.0,345.0,,1,780.0,412.0,,,,,7,712.0,340.0,8,648.0,480.0,0
14,4,00:41:41,62527,7,7,B,2,放小球,,,2,1,780.0,412.0,,2,772.0,352.0,,,,,7,744.0,427.0,7,688.0,336.0,0
14,5,00:41:42,62550,7,7,A,2,挑球,,1.0,2,2,772.0,352.0,,9,612.0,619.0,,,,,7,729.0,357.0,7,720.0,439.0,0
14,6,00:41:43,62588,7,7,B,2,切球,1.0,,1,9,612.0,619.0,,1,504.0,336.0,,,,,9,583.0,609.0,8,609.0,304.0,0
14,7,00:41:44,62606,7,7,A,2,小平球,,,2,1,504.0,336.0,,7,590.0,451.0,,,,,8,537.0,314.0,9,583.0,595.0,0
14,8,00:41:45,62627,7,7,B,2,放小球,,1.0,2,7,590.0,451.0,,7,638.0,364.0,,,,,7,624.0,456.0,8,580.0,314.0,0
14,9,00:41:45,62649,7,7,A,2,挑球,,1.0,2,7,638.0,364.0,,8,499.0,583.0,,,,,7,626.0,350.0,8,638.0,460.0,0
14,10,00:41:47,62679,7,7,B,3,殺球,1.0,,1,8,499.0,583.0,2.0,6,780.0,297.0,對手落地致勝,落地致勝,B,,8,499.0,576.0,8,588.0,297.0,0
15,1,00:42:11,63279,8,7,B,1,發短球,,1.0,2,,,,,8,679.0,316.0,,,,,8,624.0,482.0,8,686.0,292.0,0
15,2,00:42:11,63298,8,7,A,2,小平球,,1.0,2,8,679.0,316.0,,7,588.0,451.0,,,,,8,643.0,312.0,8,650.0,484.0,0
15,3,00:42:12,63316,8,7,B,2,推球,,1.0,2,7,588.0,451.0,,4,741.0,264.0,,,,,7,660.0,448.0,8,645.0,321.0,0
15,4,00:42:13,63343,8,7,A,2,點扣,1.0,,1,4,741.0,264.0,,5,842.0,535.0,,,,,8,674.0,276.0,8,672.0,518.0,0
15,5,00:42:14,63355,8,7,B,2,擋小球,,,2,5,842.0,535.0,,2,780.0,343.0,,,,,8,732.0,532.0,9,684.0,264.0,0
15,6,00:42:15,63379,8,7,A,2,放小球,,1.0,2,2,780.0,343.0,,1,813.0,403.0,,,,,2,748.0,336.0,8,741.0,501.0,0
15,7,00:42:15,63396,8,7,B,2,放小球,,,2,1,813.0,403.0,,2,787.0,360.0,,,,,7,758.0,424.0,7,720.0,336.0,0
15,8,00:42:16,63417,8,7,A,2,放小球,,1.0,2,2,787.0,360.0,,1,763.0,415.0,,,,,7,739.0,338.0,7,739.0,432.0,0
15,9,00:42:17,63436,8,7,B,2,挑球,,,2,1,763.0,415.0,,9,724.0,261.0,,,,,7,722.0,424.0,7,712.0,343.0,0
15,10,00:42:19,63488,8,7,A,3,殺球,1.0,,1,9,724.0,261.0,,5,842.0,549.0,對手落地致勝,落地致勝,A,,9,710.0,264.0,8,703.0,516.0,0
16,1,00:42:48,64216,8,8,A,3,發短球,,1.0,2,,,,,7,688.0,388.0,掛網,對手掛網,B,,8,619.0,319.0,8,696.0,504.0,0
17,1,00:43:06,64660,8,9,B,1,發短球,,1.0,2,,,,,1,472.0,343.0,,,,,8,638.0,475.0,8,576.0,304.0,0
17,2,00:43:07,64684,8,9,A,2,挑球,,,2,1,472.0,343.0,,9,796.0,597.0,,,,,5,520.0,331.0,8,616.0,477.0,0
17,3,00:43:08,64713,8,9,B,2,切球,,,1,9,796.0,597.0,,6,768.0,321.0,,,,,8,686.0,590.0,8,621.0,309.0,0
17,4,00:43:09,64732,8,9,A,2,放小球,,1.0,2,6,768.0,321.0,,1,784.0,446.0,,,,,8,708.0,326.0,8,736.0,568.0,0
17,5,00:43:10,64753,8,9,B,2,放小球,,,2,1,784.0,446.0,,6,784.0,326.0,,,,,7,734.0,441.0,8,676.0,312.0,0
17,6,00:43:10,64773,8,9,A,2,挑球,,1.0,2,6,784.0,326.0,,8,492.0,590.0,,,,,7,739.0,343.0,8,717.0,465.0,0
17,7,00:43:12,64807,8,9,B,2,殺球,1.0,,1,8,492.0,590.0,,8,652.0,307.0,,,,,9,525.0,592.0,8,600.0,302.0,0
17,8,00:43:12,64819,8,9,A,2,擋小球,,1.0,2,8,652.0,307.0,,7,624.0,429.0,,,,,8,580.0,302.0,8,544.0,580.0,0
17,9,00:43:13,64837,8,9,B,2,小平球,,,2,7,624.0,429.0,,7,532.0,338.0,,,,,8,580.0,460.0,8,616.0,309.0,0
17,10,00:43:14,64855,8,9,A,2,小平球,,,2,7,532.0,338.0,,7,609.0,448.0,,,,,8,566.0,328.0,8,592.0,465.0,0
17,11,00:43:14,64874,8,9,B,2,勾球,,,2,7,609.0,448.0,,1,444.0,364.0,,,,,7,614.0,444.0,8,583.0,324.0,0
17,12,00:43:15,64897,8,9,A,2,挑球,,,2,1,444.0,364.0,,4,381.0,609.0,,,,,1,504.0,360.0,8,559.0,470.0,0
17,13,00:43:17,64949,8,9,B,2,切球,1.0,,1,4,381.0,609.0,,1,487.0,338.0,,,,,4,388.0,612.0,8,573.0,307.0,0
17,14,00:43:18,64971,8,9,A,2,放小球,,,2,1,487.0,338.0,,2,468.0,427.0,,,,,5,520.0,328.0,6,482.0,561.0,0
17,15,00:43:19,64992,8,9,B,2,放小球,,1.0,2,2,468.0,427.0,,1,456.0,336.0,,,,,7,511.0,439.0,8,559.0,319.0,0
17,16,00:43:20,65016,8,9,A,2,挑球,,,2,1,456.0,336.0,,9,760.0,604.0,,,,,1,496.0,350.0,7,559.0,448.0,0
17,17,00:43:22,65056,8,9,B,2,殺球,,,1,9,760.0,604.0,,8,734.0,290.0,,,,,9,717.0,595.0,8,624.0,309.0,0
17,18,00:43:22,65065,8,9,A,2,擋小球,,1.0,2,8,734.0,290.0,,7,734.0,432.0,,,,,8,607.0,295.0,8,772.0,585.0,0
17,19,00:43:23,65087,8,9,B,3,推球,,,2,7,734.0,432.0,2.0,4,787.0,271.0,對手落地致勝,落地致勝,B,,7,700.0,432.0,8,636.0,302.0,0
18,1,00:43:57,65939,8,10,B,1,發短球,,1.0,2,,,,,7,660.0,336.0,,,,,8,616.0,484.0,8,681.0,295.0,0
18,2,00:43:58,65957,8,10,A,2,放小球,,,2,7,660.0,336.0,,1,816.0,420.0,,,,,8,686.0,331.0,8,648.0,475.0,0
18,3,00:43:59,65975,8,10,B,2,放小球,,,2,1,816.0,420.0,,2,765.0,336.0,,,,,7,741.0,446.0,8,657.0,321.0,0
18,4,00:43:59,65997,8,10,A,2,挑球,,1.0,2,2,765.0,336.0,,3,897.0,612.0,,,,,7,720.0,343.0,7,732.0,441.0,0
18,5,00:44:01,66031,8,10,B,2,長球,,,1,3,897.0,612.0,,8,580.0,288.0,,,,,3,844.0,612.0,8,669.0,307.0,0
18,6,00:44:02,66050,8,10,A,2,切球,,,1,8,580.0,288.0,,1,765.0,415.0,,,,,8,624.0,297.0,8,727.0,576.0,0
18,7,00:44:02,66071,8,10,B,2,放小球,,,2,1,765.0,415.0,,2,770.0,336.0,,,,,7,715.0,451.0,8,556.0,297.0,0
18,8,00:44:03,66094,8,10,A,2,放小球,,1.0,2,2,770.0,336.0,,1,792.0,405.0,,,,,7,732.0,340.0,8,684.0,477.0,0
18,9,00:44:04,66116,8,10,B,2,挑球,,,2,1,792.0,405.0,,9,554.0,266.0,,,,,1,763.0,422.0,7,698.0,340.0,0
18,10,00:44:06,66157,8,10,A,2,殺球,,,1,9,554.0,266.0,,6,439.0,506.0,,,,,9,592.0,264.0,8,652.0,504.0,0
18,11,00:44:06,66169,8,10,B,2,擋小球,,1.0,2,6,439.0,506.0,,1,472.0,343.0,,,,,8,693.0,513.0,13,566.0,252.0,0
18,12,00:44:07,66194,8,10,A,2,撲球,,,1,1,472.0,343.0,,8,585.0,523.0,,,,,1,501.0,338.0,8,540.0,513.0,0
18,13,00:44:08,66204,8,10,B,2,防守回抽,,1.0,2,8,585.0,523.0,,8,669.0,304.0,,,,,8,614.0,537.0,1,496.0,345.0,0
18,14,00:44:08,66223,8,10,A,2,切球,,1.0,1,8,669.0,304.0,,1,772.0,422.0,,,,,8,643.0,309.0,8,700.0,518.0,0
18,15,00:44:09,66242,8,10,B,2,放小球,,,2,1,772.0,422.0,,2,787.0,348.0,,,,,7,751.0,439.0,8,676.0,307.0,0
18,16,00:44:10,66264,8,10,A,2,放小球,,1.0,2,2,787.0,348.0,,1,806.0,391.0,,,,,2,753.0,355.0,7,732.0,446.0,0
18,17,00:44:11,66277,8,10,B,3,撲球,,,1,1,806.0,391.0,2.0,8,664.0,309.0,對手落地致勝,落地致勝,B,,7,732.0,441.0,7,712.0,343.0,0
19,1,00:45:31,68275,9,10,B,1,未知球種,,,2,,,,,,,,,,,1,,,,,,,0
20,1,00:46:17,69432,9,11,A,1,發短球,,1.0,2,,,,,7,556.0,427.0,,,,,8,638.0,314.0,8,525.0,499.0,0
20,2,00:46:17,69444,9,11,B,2,勾球,,1.0,2,7,556.0,427.0,,7,736.0,345.0,,,,,7,595.0,448.0,8,628.0,316.0,0
20,3,00:46:18,69462,9,11,A,2,挑球,,1.0,2,7,736.0,345.0,,4,463.0,609.0,,,,,7,693.0,345.0,8,657.0,475.0,0
20,4,00:46:19,69490,9,11,B,2,點扣,1.0,,1,4,463.0,609.0,,8,686.0,307.0,,,,,8,530.0,585.0,8,597.0,307.0,0
20,5,00:46:20,69506,9,11,A,2,擋小球,,1.0,2,8,686.0,307.0,,7,616.0,439.0,,,,,8,616.0,297.0,9,528.0,595.0,0
20,6,00:46:21,69529,9,11,B,2,放小球,,,2,7,616.0,439.0,,1,513.0,348.0,,,,,8,600.0,460.0,8,628.0,314.0,0
20,7,00:46:22,69553,9,11,A,3,放小球,,,2,1,513.0,348.0,,7,537.0,372.0,掛網,對手掛網,B,,7,542.0,343.0,8,621.0,496.0,0
21,1,00:47:54,71859,9,12,B,1,發短球,,1.0,2,,,,,7,667.0,343.0,,,,,8,624.0,484.0,8,684.0,300.0,0
21,2,00:47:55,71884,9,12,A,2,放小球,,,2,7,667.0,343.0,,7,736.0,439.0,,,,,8,691.0,331.0,8,648.0,492.0,0
21,3,00:47:56,71903,9,12,B,2,放小球,,,2,7,736.0,439.0,,7,648.0,350.0,,,,,7,741.0,448.0,8,676.0,324.0,0
21,4,00:47:57,71928,9,12,A,2,挑球,,1.0,2,7,648.0,350.0,,3,840.0,612.0,,,,,7,640.0,340.0,7,686.0,451.0,0
21,5,00:47:58,71962,9,12,B,2,後場抽平球,,,1,3,840.0,612.0,,6,748.0,302.0,,,,,9,770.0,626.0,8,636.0,316.0,0
21,6,00:47:58,71972,9,12,A,2,擋小球,,1.0,1,6,748.0,302.0,,1,796.0,434.0,,,,,8,626.0,312.0,9,760.0,612.0,0
21,7,00:47:59,71993,9,12,B,2,放小球,,,2,1,796.0,434.0,,2,782.0,343.0,,,,,8,768.0,460.0,8,676.0,309.0,0
21,8,00:48:00,72016,9,12,A,2,推球,,1.0,2,2,782.0,343.0,,3,878.0,614.0,,,,,2,748.0,343.0,8,710.0,482.0,0
21,9,00:48:02,72050,9,12,B,2,過度切球,,,1,3,878.0,614.0,,1,508.0,338.0,,,,,9,804.0,621.0,8,638.0,302.0,0
21,10,00:48:02,72069,9,12,A,2,放小球,,,2,1,508.0,338.0,,2,465.0,432.0,,,,,8,549.0,326.0,8,715.0,564.0,0
21,11,00:48:03,72093,9,12,B,2,挑球,,1.0,2,2,465.0,432.0,,3,484.0,266.0,,,,,2,496.0,427.0,8,561.0,328.0,0
21,12,00:48:05,72131,9,12,A,2,過度切球,,,1,3,484.0,266.0,,6,441.0,460.0,,,,,3,508.0,256.0,8,600.0,518.0,0
21,13,00:48:05,72147,9,12,B,2,小平球,,1.0,2,6,441.0,460.0,,5,492.0,324.0,,,,,6,492.0,484.0,3,540.0,259.0,0
21,14,00:48:06,72167,9,12,A,2,推球,,,2,5,492.0,324.0,,5,804.0,564.0,,,,,5,528.0,328.0,8,542.0,475.0,0
21,15,00:48:07,72197,9,12,B,2,點扣,,,1,5,804.0,564.0,,6,739.0,295.0,,,,,8,777.0,571.0,8,607.0,312.0,0
21,16,00:48:08,72204,9,12,A,3,擋小球,,1.0,2,6,739.0,295.0,,11,832.0,328.0,未過網,對手未過網,B,,8,607.0,295.0,8,789.0,585.0,0
22,1,00:48:28,72718,9,13,B,1,發短球,,1.0,2,,,,,8,571.0,331.0,,,,,8,640.0,475.0,8,576.0,295.0,0
22,2,00:48:29,72736,9,13,A,2,放小球,,,2,8,571.0,331.0,,7,732.0,422.0,,,,,8,595.0,324.0,8,650.0,477.0,0
22,3,00:48:30,72754,9,13,B,2,放小球,,,2,7,732.0,422.0,,7,655.0,345.0,,,,,7,700.0,429.0,8,616.0,328.0,0
22,4,00:48:31,72775,9,13,A,2,挑球,,1.0,2,7,655.0,345.0,,3,856.0,592.0,,,,,8,640.0,333.0,7,672.0,448.0,0
22,5,00:48:32,72809,9,13,B,2,點扣,,,1,3,856.0,592.0,,6,746.0,283.0,,,,,8,768.0,588.0,8,633.0,309.0,0
22,6,00:48:32,72818,9,13,A,2,擋小球,,1.0,2,6,746.0,283.0,,1,777.0,441.0,,,,,8,602.0,304.0,13,866.0,650.0,0
22,7,00:48:33,72842,9,13,B,2,推球,,,2,1,777.0,441.0,,5,525.0,276.0,,,,,8,722.0,463.0,8,652.0,302.0,0
22,8,00:48:34,72872,9,13,A,2,點扣,,,1,5,525.0,276.0,,6,391.0,547.0,,,,,9,554.0,266.0,8,667.0,504.0,0
22,9,00:48:35,72886,9,13,B,2,擋小球,,1.0,2,6,391.0,547.0,,1,460.0,352.0,,,,,8,624.0,525.0,8,566.0,278.0,0
22,10,00:48:36,72907,9,13,A,2,放小球,,,2,1,460.0,352.0,,2,456.0,400.0,,,,,1,504.0,340.0,8,511.0,513.0,0
22,11,00:48:37,72931,9,13,B,2,挑球,,1.0,2,2,456.0,400.0,,9,667.0,259.0,,,,,2,499.0,434.0,8,549.0,333.0,0
22,12,00:48:38,72970,9,13,A,2,殺球,1.0,,1,9,667.0,259.0,,5,784.0,506.0,,,,,9,655.0,266.0,8,664.0,508.0,0
22,13,00:48:39,72981,9,13,B,2,擋小球,,,2,5,784.0,506.0,,8,643.0,328.0,,,,,8,696.0,520.0,9,660.0,268.0,0
22,14,00:48:39,72999,9,13,A,2,放小球,,,2,8,643.0,328.0,,7,650.0,412.0,,,,,8,674.0,307.0,8,679.0,506.0,0
22,15,00:48:40,73024,9,13,B,2,勾球,,1.0,2,7,650.0,412.0,,2,780.0,340.0,,,,,7,686.0,453.0,8,643.0,326.0,0
22,16,00:48:41,73042,9,13,A,2,放小球,,1.0,2,2,780.0,340.0,,1,808.0,405.0,,,,,7,720.0,343.0,8,691.0,460.0,0
22,17,00:48:42,73068,9,13,B,2,挑球,,,2,1,808.0,405.0,,4,748.0,259.0,,,,,7,756.0,427.0,7,708.0,336.0,0
22,18,00:48:44,73117,9,13,A,2,過度切球,1.0,,1,4,748.0,259.0,,1,772.0,434.0,,,,,9,698.0,264.0,8,698.0,499.0,0
22,19,00:48:45,73138,9,13,B,2,勾球,,,2,1,772.0,434.0,,1,496.0,343.0,,,,,8,748.0,468.0,8,681.0,273.0,0
22,20,00:48:46,73158,9,13,A,2,挑球,,,2,1,496.0,343.0,,9,772.0,619.0,,,,,7,549.0,336.0,8,662.0,482.0,0
22,21,00:48:47,73195,9,13,B,2,切球,,,1,9,772.0,619.0,,6,775.0,331.0,,,,,9,724.0,614.0,8,609.0,302.0,0
22,22,00:48:48,73213,9,13,A,2,勾球,,1.0,2,6,775.0,331.0,,7,523.0,410.0,,,,,8,734.0,321.0,8,710.0,576.0,0
22,23,00:48:49,73236,9,13,B,2,放小球,,1.0,2,7,523.0,410.0,,1,492.0,364.0,,,,,7,552.0,439.0,8,636.0,316.0,0
22,24,00:48:50,73254,9,13,A,3,撲球,,,1,1,492.0,364.0,,1,487.0,384.0,掛網,對手掛網,B,,1,518.0,360.0,7,540.0,439.0,0
23,1,00:49:21,74033,10,13,B,1,發短球,,1.0,2,,,,,8,667.0,326.0,,,,,8,619.0,480.0,8,679.0,295.0,0
23,2,00:49:22,74050,10,13,A,2,推球,,,2,8,667.0,326.0,,8,780.0,542.0,,,,,8,691.0,328.0,8,652.0,489.0,0
23,3,00:49:22,74072,10,13,B,2,殺球,,,1,8,780.0,542.0,,6,746.0,278.0,,,,,8,712.0,537.0,8,660.0,312.0,0
23,4,00:49:23,74082,10,13,A,2,勾球,,1.0,2,6,746.0,278.0,,6,436.0,468.0,,,,,8,638.0,292.0,8,780.0,549.0,0
23,5,00:49:24,74112,10,13,B,3,挑球,,1.0,2,6,436.0,468.0,2.0,15,422.0,280.0,出界,對手出界,A,,8,516.0,482.0,8,636.0,280.0,0
24,1,00:49:44,74608,11,13,A,1,發短球,,1.0,2,,,,,7,703.0,432.0,,,,,8,619.0,307.0,8,698.0,506.0,0
24,2,00:49:45,74628,11,13,B,2,放小球,,1.0,2,7,703.0,432.0,,2,780.0,352.0,,,,,7,708.0,446.0,8,626.0,309.0,0
24,3,00:49:46,74650,11,13,A,2,挑球,,1.0,2,2,780.0,352.0,,9,537.0,597.0,,,,,7,717.0,340.0,7,700.0,453.0,0
24,4,00:49:47,74685,11,13,B,2,長球,1.0,,1,9,537.0,597.0,,3,511.0,268.0,,,,,8,573.0,585.0,8,602.0,309.0,0
24,5,00:49:48,74714,11,13,A,2,點扣,,,1,3,511.0,268.0,,6,427.0,506.0,,,,,3,537.0,259.0,8,595.0,532.0,0
24,6,00:49:49,74728,11,13,B,2,擋小球,,1.0,2,6,427.0,506.0,,1,487.0,338.0,,,,,8,624.0,506.0,9,547.0,271.0,0
24,7,00:49:50,74751,11,13,A,2,推球,,,2,1,487.0,338.0,,3,837.0,604.0,,,,,5,523.0,328.0,8,564.0,484.0,0
24,8,00:49:51,74783,11,13,B,2,過度切球,,,1,3,837.0,604.0,,1,489.0,336.0,,,,,9,768.0,607.0,8,612.0,309.0,0
24,9,00:49:52,74807,11,13,A,2,放小球,,,2,1,489.0,336.0,,2,446.0,417.0,,,,,5,516.0,331.0,8,643.0,518.0,0
24,10,00:49:53,74828,11,13,B,3,勾球,,1.0,2,2,446.0,417.0,2.0,7,688.0,403.0,掛網,對手掛網,A,,2,484.0,436.0,8,547.0,331.0,0
25,1,00:50:18,75455,11,14,A,1,發短球,,1.0,2,,,,,7,602.0,451.0,,,,,8,643.0,321.0,8,523.0,511.0,0
25,2,00:50:18,75470,11,14,B,2,推球,,1.0,2,7,602.0,451.0,,4,748.0,266.0,,,,,7,640.0,456.0,8,619.0,328.0,0
25,3,00:50:19,75498,11,14,A,2,殺球,1.0,,1,4,748.0,266.0,,8,638.0,480.0,,,,,8,672.0,273.0,8,688.0,513.0,0
25,4,00:50:20,75509,11,14,B,2,擋小球,,1.0,2,8,638.0,480.0,,8,619.0,316.0,,,,,8,729.0,543.0,8,689.0,274.0,0
25,5,00:50:21,75530,11,14,A,2,放小球,,,1,8,619.0,316.0,,7,624.0,432.0,,,,,8,648.0,316.0,8,662.0,501.0,0
25,6,00:50:21,75547,11,14,B,2,平球,,1.0,2,7,624.0,432.0,,8,688.0,307.0,,,,,7,669.0,436.0,8,628.0,326.0,0
25,7,00:50:22,75552,11,14,A,2,防守回抽,1.0,,1,8,688.0,307.0,,8,756.0,460.0,,,,,8,636.0,324.0,7,669.0,427.0,0
25,8,00:50:22,75562,11,14,B,2,小平球,,,2,8,756.0,460.0,,6,756.0,321.0,,,,,7,679.0,446.0,8,638.0,316.0,0
25,9,00:50:23,75576,11,14,A,2,放小球,,1.0,2,6,756.0,321.0,,1,806.0,429.0,,,,,8,705.0,321.0,8,660.0,511.0,0
25,10,00:50:23,75597,11,14,B,2,挑球,,,2,1,806.0,429.0,,4,772.0,261.0,,,,,1,775.0,458.0,8,681.0,302.0,0
25,11,00:50:25,75630,11,14,A,2,殺球,1.0,,1,4,772.0,261.0,,6,451.0,477.0,,,,,8,693.0,278.0,8,717.0,523.0,0
25,12,00:50:25,75645,11,14,B,2,擋小球,,1.0,2,6,451.0,477.0,,1,504.0,338.0,,,,,8,664.0,506.0,8,717.0,273.0,0
25,13,00:50:26,75672,11,14,A,2,推球,,,2,1,504.0,338.0,,8,770.0,583.0,,,,,7,537.0,343.0,8,513.0,470.0,0
25,14,00:50:27,75697,11,14,B,2,後場抽平球,,,1,8,770.0,583.0,,6,748.0,283.0,,,,,8,686.0,576.0,8,592.0,316.0,0
25,15,00:50:28,75709,11,14,A,2,過度切球,,1.0,1,6,748.0,283.0,,1,808.0,422.0,,,,,8,624.0,307.0,8,688.0,566.0,0
25,16,00:50:29,75730,11,14,B,2,放小球,,,2,1,808.0,422.0,,2,806.0,352.0,,,,,1,770.0,451.0,8,703.0,307.0,0
25,17,00:50:30,75752,11,14,A,2,挑球,,1.0,2,2,806.0,352.0,,4,432.0,595.0,,,,,2,760.0,350.0,8,724.0,468.0,0
25,18,00:50:31,75789,11,14,B,2,長球,,1.0,1,4,432.0,595.0,,3,525.0,264.0,,,,,9,477.0,595.0,8,614.0,309.0,0
25,19,00:50:32,75816,11,14,A,2,殺球,,,1,3,525.0,264.0,,5,813.0,511.0,,,,,9,556.0,261.0,8,614.0,530.0,0
25,20,00:50:33,75828,11,14,B,3,擋小球,,,2,5,813.0,511.0,2.0,2,813.0,350.0,對手落地致勝,落地致勝,B,,8,669.0,518.0,3,525.0,271.0,0
26,1,00:51:24,77104,12,14,B,1,發短球,,1.0,2,,,,,7,600.0,340.0,,,,,8,645.0,484.0,8,578.0,295.0,0
26,2,00:51:24,77121,12,14,A,2,放小球,,,2,7,600.0,340.0,,1,763.0,412.0,,,,,8,604.0,328.0,8,645.0,484.0,0
26,3,00:51:25,77140,12,14,B,2,推球,,,2,1,763.0,412.0,,3,520.0,266.0,,,,,7,727.0,439.0,8,648.0,328.0,0
26,4,00:51:26,77173,12,14,A,2,後場抽平球,,,1,3,520.0,266.0,,6,487.0,489.0,,,,,9,556.0,266.0,8,657.0,482.0,0
26,5,00:51:27,77183,12,14,B,2,平球,,1.0,1,6,487.0,489.0,,5,477.0,302.0,,,,,8,628.0,492.0,9,554.0,266.0,0
26,6,00:51:28,77202,12,14,A,2,平球,,,1,5,477.0,302.0,,6,456.0,528.0,,,,,8,540.0,319.0,8,571.0,492.0,0
26,7,00:51:28,77210,12,14,B,2,勾球,,1.0,1,6,456.0,528.0,,8,729.0,309.0,,,,,8,619.0,508.0,8,535.0,326.0,0
26,8,00:51:29,77230,12,14,A,2,推球,,1.0,2,8,729.0,309.0,,5,840.0,588.0,,,,,8,681.0,314.0,8,592.0,501.0,0
26,9,00:51:30,77261,12,14,B,2,過度切球,,,2,5,840.0,588.0,,2,792.0,338.0,,,,,8,756.0,578.0,8,638.0,300.0,0
26,10,00:51:31,77283,12,14,A,2,放小球,,1.0,1,2,792.0,338.0,,1,804.0,393.0,,,,,6,753.0,333.0,8,676.0,537.0,0
26,11,00:51:32,77304,12,14,B,2,挑球,,,2,1,804.0,393.0,,4,768.0,256.0,,,,,1,765.0,420.0,7,720.0,336.0,0
26,12,00:51:33,77345,12,14,A,2,切球,1.0,,1,4,768.0,256.0,,7,530.0,429.0,,,,,9,722.0,259.0,8,696.0,511.0,0
26,13,00:51:34,77363,12,14,B,2,放小球,,1.0,2,7,530.0,429.0,,1,511.0,338.0,,,,,8,544.0,463.0,8,712.0,273.0,0
26,14,00:51:35,77391,12,14,A,2,挑球,,,2,1,511.0,338.0,,3,849.0,621.0,,,,,7,540.0,348.0,8,576.0,482.0,0
26,15,00:51:36,77424,12,14,B,2,長球,,,1,3,849.0,621.0,,4,751.0,264.0,,,,,9,756.0,614.0,8,628.0,316.0,0
26,16,00:51:38,77458,12,14,A,2,殺球,1.0,,1,4,751.0,264.0,,6,412.0,513.0,,,,,9,705.0,261.0,8,691.0,528.0,0
26,17,00:51:38,77471,12,14,B,3,擋小球,,1.0,2,6,412.0,513.0,2.0,15,304.0,494.0,未過網,對手未過網,A,,8,691.0,525.0,8,715.0,273.0,0
27,1,00:52:22,78563,12,15,A,1,發短球,,1.0,2,,,,,7,712.0,434.0,,,,,8,626.0,314.0,8,696.0,513.0,0
27,2,00:52:23,78581,12,15,B,2,放小球,,1.0,2,7,712.0,434.0,,2,799.0,352.0,,,,,7,720.0,444.0,8,621.0,314.0,0
27,3,00:52:24,78603,12,15,A,2,挑球,,1.0,2,2,799.0,352.0,,3,868.0,595.0,,,,,7,741.0,355.0,8,708.0,463.0,0
27,4,00:52:25,78638,12,15,B,2,殺球,,,1,3,868.0,595.0,,5,516.0,288.0,,,,,8,782.0,573.0,8,648.0,302.0,0
27,5,00:52:26,78654,12,15,A,2,擋小球,,,2,5,516.0,288.0,,2,475.0,451.0,,,,,8,600.0,297.0,5,849.0,585.0,0
27,6,00:52:27,78676,12,15,B,2,挑球,,1.0,2,2,475.0,451.0,,9,705.0,266.0,,,,,8,518.0,475.0,8,552.0,295.0,0
27,7,00:52:28,78709,12,15,A,2,點扣,1.0,,1,9,705.0,266.0,,5,811.0,506.0,,,,,9,672.0,264.0,8,660.0,511.0,0
27,8,00:52:28,78722,12,15,B,2,防守回抽,,,2,5,811.0,506.0,,8,672.0,307.0,,,,,8,717.0,513.0,8,684.0,273.0,0
27,9,00:52:29,78738,12,15,A,2,平球,,,1,8,672.0,307.0,,5,787.0,480.0,,,,,8,645.0,300.0,8,741.0,504.0,0
27,10,00:52:30,78752,12,15,B,2,平球,,,1,5,787.0,480.0,,6,763.0,288.0,,,,,8,684.0,499.0,7,652.0,338.0,0
27,11,00:52:30,78765,12,15,A,2,防守回抽,,1.0,1,6,763.0,288.0,,8,686.0,482.0,,,,,8,648.0,309.0,8,741.0,494.0,0
27,12,00:52:30,78774,12,15,B,2,擋小球,,1.0,1,8,686.0,482.0,,6,765.0,324.0,,,,,8,722.0,506.0,8,717.0,316.0,0
27,13,00:52:31,78793,12,15,A,2,推球,,1.0,2,6,765.0,324.0,,9,499.0,592.0,,,,,8,712.0,326.0,8,688.0,484.0,0
27,14,00:52:33,78825,12,15,B,2,切球,1.0,,1,9,499.0,592.0,,6,768.0,324.0,,,,,8,544.0,583.0,8,600.0,309.0,0
27,15,00:52:33,78846,12,15,A,2,放小球,,1.0,2,6,768.0,324.0,,1,796.0,420.0,,,,,8,717.0,324.0,8,568.0,561.0,0
27,16,00:52:34,78870,12,15,B,2,挑球,,,2,1,796.0,420.0,,4,744.0,259.0,,,,,7,763.0,444.0,8,705.0,314.0,0
27,17,00:52:36,78902,12,15,A,2,點扣,1.0,,1,4,744.0,259.0,,8,765.0,504.0,,,,,8,705.0,273.0,8,693.0,499.0,0
27,18,00:52:36,78915,12,15,B,2,勾球,,,1,8,765.0,504.0,,7,528.0,345.0,,,,,8,732.0,511.0,9,715.0,264.0,0
27,19,00:52:37,78939,12,15,A,2,推球,,,2,7,528.0,345.0,,3,804.0,604.0,,,,,8,561.0,328.0,8,657.0,513.0,0
27,20,00:52:38,78965,12,15,B,2,殺球,,,1,3,804.0,604.0,,6,763.0,285.0,,,,,9,741.0,592.0,8,616.0,316.0,0
27,21,00:52:39,78979,12,15,A,2,擋小球,,1.0,2,6,763.0,285.0,,1,806.0,408.0,,,,,8,604.0,290.0,5,832.0,590.0,0
27,22,00:52:40,79002,12,15,B,3,撲球,,,1,1,806.0,408.0,2.0,5,504.0,285.0,對手落地致勝,落地致勝,B,,8,756.0,470.0,8,715.0,304.0,0
28,1,00:53:19,79997,13,15,B,1,發短球,,1.0,2,,,,,8,648.0,331.0,,,,,8,619.0,492.0,8,691.0,302.0,0
28,2,00:53:20,80014,13,15,A,2,放小球,,,2,8,648.0,331.0,,7,657.0,434.0,,,,,8,688.0,328.0,8,640.0,480.0,0
28,3,00:53:21,80032,13,15,B,2,勾球,,1.0,2,7,657.0,434.0,,6,789.0,331.0,,,,,7,691.0,446.0,8,655.0,331.0,0
28,4,00:53:22,80054,13,15,A,2,放小球,,1.0,2,6,789.0,331.0,,1,820.0,410.0,,,,,7,736.0,343.0,8,688.0,477.0,0
28,5,00:53:23,80077,13,15,B,2,挑球,,,2,1,820.0,410.0,,8,547.0,273.0,,,,,1,780.0,446.0,8,705.0,331.0,0
28,6,00:53:24,80115,13,15,A,2,後場抽平球,,,1,8,547.0,273.0,,6,477.0,511.0,,,,,9,578.0,264.0,8,657.0,496.0,0
28,7,00:53:25,80127,13,15,B,2,勾球,,1.0,1,6,477.0,511.0,,8,712.0,324.0,,,,,8,650.0,499.0,9,576.0,271.0,0
28,8,00:53:25,80149,13,15,A,2,擋小球,,1.0,1,8,712.0,324.0,,7,604.0,422.0,,,,,8,681.0,324.0,8,628.0,499.0,0
28,9,00:53:26,80168,13,15,B,3,放小球,,,2,7,604.0,422.0,2.0,7,592.0,391.0,掛網,對手掛網,A,,7,607.0,448.0,8,645.0,319.0,0
29,1,00:53:50,80762,14,15,A,1,發短球,,1.0,2,,,,,7,592.0,446.0,,,,,8,638.0,321.0,8,528.0,511.0,0
29,2,00:53:51,80779,14,15,B,2,推球,,1.0,2,7,592.0,446.0,,4,751.0,256.0,,,,,8,636.0,468.0,8,621.0,319.0,0
29,3,00:53:52,80813,14,15,A,2,過度切球,1.0,,1,4,751.0,256.0,,7,602.0,446.0,,,,,8,660.0,276.0,8,686.0,516.0,0
29,4,00:53:53,80833,14,15,B,2,推球,,1.0,2,7,602.0,446.0,,4,736.0,259.0,,,,,8,648.0,468.0,8,674.0,278.0,0
29,5,00:53:54,80859,14,15,A,2,點扣,1.0,,1,4,736.0,259.0,,6,453.0,518.0,,,,,8,674.0,278.0,8,703.0,532.0,0
29,6,00:53:55,80875,14,15,B,2,擋小球,,1.0,2,6,453.0,518.0,,1,511.0,352.0,,,,,8,700.0,525.0,8,686.0,278.0,0
29,7,00:53:55,80899,14,15,A,2,放小球,,,2,1,511.0,352.0,,2,468.0,417.0,,,,,7,537.0,343.0,8,544.0,484.0,0
29,8,00:53:56,80916,14,15,B,2,挑球,,1.0,2,2,468.0,417.0,,9,640.0,264.0,,,,,7,516.0,424.0,7,532.0,345.0,0
29,9,00:53:58,80952,14,15,A,2,後場抽平球,,1.0,1,9,640.0,264.0,,8,696.0,506.0,,,,,9,631.0,271.0,8,650.0,499.0,0
29,10,00:53:58,80968,14,15,B,2,小平球,,,2,8,696.0,506.0,,6,763.0,324.0,,,,,8,669.0,504.0,8,609.0,292.0,0
29,11,00:53:59,80989,14,15,A,2,小平球,,1.0,2,6,763.0,324.0,,1,844.0,456.0,,,,,8,710.0,324.0,8,681.0,499.0,0
29,12,00:54:00,81010,14,15,B,2,小平球,,,2,1,844.0,456.0,,2,794.0,336.0,,,,,7,756.0,453.0,8,674.0,316.0,0
29,13,00:54:01,81030,14,15,A,2,推球,,1.0,2,2,794.0,336.0,,3,832.0,614.0,,,,,7,732.0,343.0,8,722.0,472.0,0
29,14,00:54:02,81059,14,15,B,2,長球,,,1,3,832.0,614.0,,9,552.0,266.0,,,,,9,780.0,604.0,8,652.0,314.0,0
29,15,00:54:03,81090,14,15,A,2,點扣,,,1,9,552.0,266.0,,6,434.0,492.0,,,,,9,583.0,266.0,8,652.0,540.0,0
29,16,00:54:04,81107,14,15,B,2,擋小球,,1.0,2,6,434.0,492.0,,1,472.0,343.0,,,,,8,504.0,496.0,8,590.0,273.0,0
29,17,00:54:05,81133,14,15,A,2,推球,,,2,1,472.0,343.0,,3,883.0,600.0,,,,,1,513.0,338.0,8,566.0,475.0,0
29,18,00:54:06,81166,14,15,B,2,長球,,,1,3,883.0,600.0,,9,696.0,261.0,,,,,3,808.0,604.0,8,626.0,333.0,0
29,19,00:54:07,81197,14,15,A,3,殺球,1.0,,1,9,696.0,261.0,,5,861.0,549.0,對手落地致勝,落地致勝,A,,9,686.0,264.0,5,864.0,547.0,0
30,1,00:55:05,82643,15,15,A,1,未知球種,,,2,,,,,,,,,,,1,,,,,,,0
31,1,00:55:48,83720,16,15,A,1,發長球,,1.0,2,,,,,8,499.0,535.0,,,,,8,633.0,312.0,8,518.0,504.0,0
31,2,00:55:49,83746,16,15,B,2,長球,1.0,,1,8,499.0,535.0,,9,705.0,264.0,,,,,8,559.0,511.0,8,607.0,314.0,0
31,3,00:55:50,83774,16,15,A,3,殺球,1.0,,1,9,705.0,264.0,,2,501.0,456.0,對手落地致勝,落地致勝,A,,9,676.0,271.0,8,674.0,530.0,0
32,1,00:56:19,84475,16,16,A,1,發短球,,1.0,2,,,,,7,708.0,439.0,,,,,8,619.0,316.0,8,698.0,504.0,0
32,2,00:56:19,84492,16,16,B,2,放小球,,1.0,2,7,708.0,439.0,,2,796.0,343.0,,,,,7,724.0,451.0,8,626.0,316.0,0
32,3,00:56:20,84514,16,16,A,2,放小球,,1.0,2,2,796.0,343.0,,1,811.0,398.0,,,,,7,736.0,338.0,7,712.0,456.0,0
32,4,00:56:21,84537,16,16,B,2,挑球,,,2,1,811.0,398.0,,9,688.0,266.0,,,,,1,782.0,432.0,7,712.0,343.0,0
32,5,00:56:23,84580,16,16,A,2,殺球,,,1,9,688.0,266.0,,5,823.0,537.0,,,,,9,684.0,264.0,8,688.0,518.0,0
32,6,00:56:23,84594,16,16,B,2,擋小球,,,2,5,823.0,537.0,,7,744.0,343.0,,,,,8,712.0,540.0,8,676.0,273.0,0
32,7,00:56:24,84615,16,16,A,2,放小球,,1.0,2,7,744.0,343.0,,7,691.0,412.0,,,,,8,705.0,328.0,8,708.0,489.0,0
32,8,00:56:25,84634,16,16,B,2,放小球,,,2,7,691.0,412.0,,7,636.0,362.0,,,,,7,669.0,448.0,8,657.0,328.0,0
32,9,00:56:26,84651,16,16,A,2,挑球,,1.0,2,7,636.0,362.0,,3,801.0,592.0,,,,,7,612.0,345.0,7,662.0,444.0,0
32,10,00:56:27,84682,16,16,B,2,殺球,,,1,3,801.0,592.0,,6,746.0,285.0,,,,,8,724.0,583.0,8,628.0,307.0,0
32,11,00:56:27,84695,16,16,A,2,擋小球,,1.0,2,6,746.0,285.0,,7,696.0,441.0,,,,,8,612.0,290.0,3,866.0,595.0,0
32,12,00:56:28,84718,16,16,B,2,放小球,,1.0,2,7,696.0,441.0,,2,780.0,345.0,,,,,8,724.0,468.0,8,657.0,302.0,0
32,13,00:56:29,84741,16,16,A,2,放小球,,1.0,2,2,780.0,345.0,,1,811.0,415.0,,,,,7,729.0,345.0,8,696.0,475.0,0
32,14,00:56:30,84762,16,16,B,2,放小球,,,2,1,811.0,415.0,,2,787.0,364.0,,,,,1,772.0,424.0,7,696.0,338.0,0
32,15,00:56:31,84776,16,16,A,3,撲球,,1.0,1,2,787.0,364.0,,2,835.0,384.0,掛網,對手掛網,B,,7,712.0,352.0,1,775.0,441.0,0
33,1,00:57:09,85729,17,16,B,1,發短球,,1.0,2,,,,,1,504.0,336.0,,,,,8,638.0,475.0,8,578.0,300.0,0
33,2,00:57:10,85753,17,16,A,2,放小球,,,2,1,504.0,336.0,,2,468.0,427.0,,,,,7,549.0,336.0,8,631.0,489.0,0
33,3,00:57:11,85775,17,16,B,2,放小球,,1.0,2,2,468.0,427.0,,1,472.0,360.0,,,,,2,496.0,434.0,8,571.0,326.0,0
33,4,00:57:11,85794,17,16,A,2,挑球,,,2,1,472.0,360.0,,3,804.0,607.0,,,,,1,516.0,343.0,7,528.0,451.0,0
33,5,00:57:13,85825,17,16,B,2,後場抽平球,,,1,3,804.0,607.0,,6,741.0,288.0,,,,,9,732.0,597.0,8,616.0,314.0,0
33,6,00:57:13,85841,17,16,A,2,擋小球,,1.0,1,6,741.0,288.0,,7,688.0,448.0,,,,,8,631.0,302.0,8,729.0,576.0,0
33,7,00:57:14,85857,17,16,B,2,放小球,,1.0,2,7,688.0,448.0,,2,758.0,345.0,,,,,7,705.0,453.0,8,650.0,309.0,0
33,8,00:57:15,85876,17,16,A,2,推球,,1.0,2,2,758.0,345.0,,9,484.0,597.0,,,,,7,720.0,343.0,8,710.0,465.0,0
33,9,00:57:16,85913,17,16,B,2,過度切球,,1.0,1,9,484.0,597.0,,5,484.0,316.0,,,,,9,540.0,616.0,8,600.0,316.0,0
33,10,00:57:17,85925,17,16,A,2,放小球,,,1,5,484.0,316.0,,2,451.0,432.0,,,,,8,549.0,321.0,8,592.0,554.0,0
33,11,00:57:17,85944,17,16,B,2,放小球,,1.0,2,2,451.0,432.0,,1,475.0,360.0,,,,,6,487.0,463.0,8,549.0,328.0,0
33,12,00:57:18,85960,17,16,A,3,撲球,,,1,1,475.0,360.0,,7,652.0,420.0,對手落地致勝,落地致勝,A,,1,511.0,352.0,8,504.0,460.0,0
34,1,00:57:45,86647,17,17,A,1,發短球,,1.0,2,,,,,7,592.0,434.0,,,,,8,640.0,316.0,8,518.0,494.0,0
34,2,00:57:46,86660,17,17,B,2,放小球,,1.0,2,7,592.0,434.0,,2,760.0,338.0,,,,,7,616.0,446.0,8,624.0,316.0,0
34,3,00:57:47,86680,17,17,A,2,推球,,1.0,2,2,760.0,338.0,,4,444.0,597.0,,,,,7,715.0,345.0,8,672.0,463.0,0
34,4,00:57:48,86708,17,17,B,2,殺球,1.0,,1,4,444.0,597.0,,8,602.0,288.0,,,,,8,564.0,583.0,8,616.0,316.0,0
34,5,00:57:48,86720,17,17,A,2,擋小球,,1.0,2,8,602.0,288.0,,2,480.0,432.0,,,,,8,578.0,288.0,9,518.0,597.0,0
34,6,00:57:49,86741,17,17,B,2,勾球,,1.0,2,2,480.0,432.0,,7,724.0,336.0,,,,,8,520.0,470.0,8,576.0,280.0,0
34,7,00:57:50,86760,17,17,A,2,放小球,,1.0,2,7,724.0,336.0,,7,732.0,403.0,,,,,8,688.0,333.0,8,595.0,489.0,0
34,8,00:57:51,86780,17,17,B,2,挑球,,,2,7,732.0,403.0,,9,681.0,264.0,,,,,7,705.0,427.0,7,667.0,336.0,0
34,9,00:57:52,86822,17,17,A,2,殺球,1.0,,1,9,681.0,264.0,,6,434.0,518.0,,,,,9,672.0,261.0,8,681.0,523.0,0
34,10,00:57:53,86834,17,17,B,2,擋小球,,1.0,2,6,434.0,518.0,,7,580.0,340.0,,,,,8,703.0,532.0,8,657.0,273.0,0
34,11,00:57:54,86858,17,17,A,2,放小球,,1.0,2,7,580.0,340.0,,7,592.0,420.0,,,,,8,564.0,331.0,6,453.0,496.0,0
34,12,00:57:55,86879,17,17,B,2,挑球,,1.0,2,7,592.0,420.0,,9,710.0,256.0,,,,,7,614.0,424.0,7,566.0,357.0,0
34,13,00:57:56,86922,17,17,A,2,殺球,1.0,,1,9,710.0,256.0,,5,820.0,528.0,,,,,9,698.0,264.0,8,672.0,525.0,0
34,14,00:57:57,86935,17,17,B,2,擋小球,,,2,5,820.0,528.0,,7,732.0,336.0,,,,,8,715.0,532.0,8,696.0,278.0,0
34,15,00:57:58,86956,17,17,A,2,放小球,,1.0,2,7,732.0,336.0,,1,813.0,412.0,,,,,8,703.0,331.0,8,679.0,484.0,0
34,16,00:57:59,86984,17,17,B,2,挑球,,,2,1,813.0,412.0,,9,595.0,271.0,,,,,1,770.0,439.0,8,688.0,326.0,0
34,17,00:58:00,87020,17,17,A,2,切球,,,1,9,595.0,271.0,,6,499.0,465.0,,,,,9,614.0,264.0,8,688.0,496.0,0
34,18,00:58:01,87034,17,17,B,2,放小球,,1.0,2,6,499.0,465.0,,1,499.0,343.0,,,,,8,559.0,489.0,9,621.0,271.0,0
34,19,00:58:02,87056,17,17,A,2,放小球,,,2,1,499.0,343.0,,2,460.0,408.0,,,,,8,532.0,331.0,8,571.0,499.0,0
34,20,00:58:03,87075,17,17,B,2,放小球,,1.0,2,2,460.0,408.0,,1,475.0,352.0,,,,,8,508.0,460.0,8,549.0,321.0,0
34,21,00:58:04,87101,17,17,A,2,挑球,,,2,1,475.0,352.0,,9,796.0,628.0,,,,,1,506.0,350.0,7,528.0,446.0,0
34,22,00:58:05,87143,17,17,B,2,切球,,,1,9,796.0,628.0,,2,772.0,338.0,,,,,9,708.0,628.0,8,624.0,321.0,0
34,23,00:58:06,87167,17,17,A,2,放小球,,1.0,2,2,772.0,338.0,,1,784.0,410.0,,,,,8,741.0,331.0,8,686.0,525.0,0
34,24,00:58:07,87187,17,17,B,2,放小球,,,2,1,784.0,410.0,,2,801.0,360.0,,,,,7,756.0,427.0,8,688.0,328.0,0
34,25,00:58:08,87200,17,17,A,2,放小球,,1.0,1,2,801.0,360.0,,1,792.0,398.0,,,,,7,700.0,345.0,7,758.0,420.0,0
34,26,00:58:08,87221,17,17,B,3,勾球,,,2,1,792.0,398.0,2.0,1,511.0,367.0,對手落地致勝,落地致勝,B,,1,777.0,448.0,7,724.0,350.0,0
35,1,00:59:22,89069,18,17,B,1,發短球,,1.0,2,,,,,7,681.0,338.0,,,,,8,619.0,489.0,8,684.0,300.0,0
35,2,00:59:23,89086,18,17,A,2,放小球,,,2,7,681.0,338.0,,1,777.0,412.0,,,,,8,679.0,326.0,8,660.0,463.0,0
35,3,00:59:24,89102,18,17,B,2,放小球,,,2,1,777.0,412.0,,7,700.0,338.0,,,,,1,765.0,432.0,8,691.0,328.0,0
35,4,00:59:24,89121,18,17,A,2,放小球,,1.0,2,7,700.0,338.0,,7,715.0,410.0,,,,,7,660.0,338.0,8,708.0,460.0,0
35,5,00:59:25,89139,18,17,B,2,放小球,,,2,7,715.0,410.0,,7,640.0,360.0,,,,,7,684.0,434.0,7,650.0,336.0,0
35,6,00:59:26,89160,18,17,A,2,勾球,,,2,7,640.0,360.0,,1,794.0,412.0,,,,,8,640.0,333.0,7,660.0,436.0,0
35,7,00:59:27,89186,18,17,B,2,挑球,,,2,1,794.0,412.0,,3,508.0,264.0,,,,,7,751.0,432.0,7,662.0,336.0,0
35,8,00:59:28,89222,18,17,A,2,後場抽平球,,,1,3,508.0,264.0,,6,453.0,513.0,,,,,9,549.0,271.0,8,648.0,492.0,0
35,9,00:59:29,89236,18,17,B,3,平球,,1.0,1,6,453.0,513.0,2.0,7,544.0,400.0,掛網,對手掛網,A,,8,640.0,511.0,9,554.0,264.0,0
36,1,00:59:58,89954,19,17,A,1,發短球,,1.0,2,,,,,7,672.0,410.0,,,,,8,621.0,309.0,8,703.0,511.0,0
36,2,00:59:58,89967,19,17,B,2,放小球,,,2,7,672.0,410.0,,7,595.0,362.0,,,,,7,676.0,432.0,8,621.0,314.0,0
36,3,00:59:59,89986,19,17,A,2,挑球,,,2,7,595.0,362.0,,8,780.0,590.0,,,,,7,612.0,355.0,7,648.0,434.0,0
36,4,01:00:01,90026,19,17,B,2,切球,,,1,8,780.0,590.0,,5,516.0,331.0,,,,,8,748.0,583.0,8,633.0,314.0,0
36,5,01:00:01,90048,19,17,A,2,放小球,,,2,5,516.0,331.0,,2,468.0,410.0,,,,,8,547.0,333.0,8,708.0,556.0,0
36,6,01:00:02,90070,19,17,B,2,推球,,1.0,2,2,468.0,410.0,,4,744.0,261.0,,,,,2,496.0,424.0,8,552.0,328.0,0
36,7,01:00:04,90107,19,17,A,2,殺球,1.0,,1,4,744.0,261.0,,8,633.0,499.0,,,,,9,686.0,268.0,8,640.0,484.0,0
36,8,01:00:04,90119,19,17,B,2,防守回抽,,1.0,2,8,633.0,499.0,,8,696.0,295.0,,,,,8,720.0,511.0,9,708.0,264.0,0
36,9,01:00:05,90135,19,17,A,2,擋小球,,1.0,1,8,696.0,295.0,,7,667.0,436.0,,,,,8,652.0,300.0,8,679.0,489.0,0
36,10,01:00:06,90152,19,17,B,2,放小球,,1.0,2,7,667.0,436.0,,2,765.0,345.0,,,,,8,708.0,463.0,8,638.0,314.0,0
36,11,01:00:06,90171,19,17,A,2,放小球,,1.0,2,2,765.0,345.0,,1,804.0,393.0,,,,,7,724.0,338.0,8,700.0,468.0,0
36,12,01:00:07,90192,19,17,B,2,挑球,,,2,1,804.0,393.0,,4,751.0,256.0,,,,,1,804.0,420.0,7,703.0,336.0,0
36,13,01:00:09,90228,19,17,A,2,殺球,1.0,,1,4,751.0,256.0,,8,600.0,484.0,,,,,9,700.0,259.0,8,696.0,513.0,0
36,14,01:00:09,90240,19,17,B,2,擋小球,,1.0,2,8,600.0,484.0,,7,660.0,343.0,,,,,8,720.0,523.0,8,698.0,280.0,0
36,15,01:00:10,90260,19,17,A,3,推球,,,1,7,660.0,343.0,,3,871.0,633.0,對手落地致勝,落地致勝,A,,8,672.0,326.0,8,667.0,494.0,0
37,1,01:00:47,91182,20,17,A,1,發短球,,1.0,2,,,,,7,602.0,427.0,,,,,8,640.0,324.0,8,513.0,513.0,0
37,2,01:00:47,91196,20,17,B,2,放小球,,1.0,2,7,602.0,427.0,,2,751.0,352.0,,,,,7,640.0,453.0,8,619.0,314.0,0
37,3,01:00:48,91216,20,17,A,2,放小球,,1.0,2,2,751.0,352.0,,1,796.0,403.0,,,,,7,698.0,345.0,7,688.0,444.0,0
37,4,01:00:49,91239,20,17,B,3,挑球,,,2,1,796.0,403.0,2.0,2,760.0,388.0,掛網,對手掛網,A,,1,777.0,439.0,7,684.0,340.0,0
38,1,01:01:17,91946,21,17,A,1,發短球,,1.0,2,,,,,7,693.0,432.0,,,,,8,624.0,321.0,8,703.0,506.0,0
38,2,01:01:18,91962,21,17,B,2,放小球,,,2,7,693.0,432.0,,1,518.0,345.0,,,,,7,693.0,441.0,8,624.0,314.0,0
38,3,01:01:19,91983,21,17,A,2,挑球,,,2,1,518.0,345.0,,8,789.0,590.0,,,,,7,559.0,352.0,8,621.0,468.0,0
38,4,01:01:20,92013,21,17,B,2,點扣,,,1,8,789.0,590.0,,6,758.0,285.0,,,,,9,751.0,592.0,8,626.0,312.0,0
38,5,01:01:21,92027,21,17,A,2,擋小球,,1.0,2,6,758.0,285.0,,1,796.0,446.0,,,,,8,667.0,307.0,3,799.0,595.0,0
38,6,01:01:21,92047,21,17,B,2,推球,,,2,1,796.0,446.0,,6,763.0,285.0,,,,,7,751.0,451.0,8,684.0,312.0,0
38,7,01:01:22,92060,21,17,A,2,防守回抽,1.0,,1,6,763.0,285.0,,5,784.0,480.0,,,,,8,657.0,307.0,8,741.0,460.0,0
38,8,01:01:22,92068,21,17,B,2,防守回抽,,,1,5,784.0,480.0,,8,698.0,292.0,,,,,8,744.0,484.0,8,667.0,295.0,0
38,9,01:01:23,92080,21,17,A,2,平球,,1.0,1,8,698.0,292.0,,8,686.0,496.0,,,,,8,648.0,295.0,8,732.0,506.0,0
38,10,01:01:23,92090,21,17,B,3,平球,,1.0,2,8,686.0,496.0,2.0,1,825.0,408.0,未過網,對手未過網,A,,8,724.0,501.0,8,650.0,321.0,0
